{
    "high": [
        {
            "title": "Application vulnerable to Janus Vulnerability",
            "description": "Application is signed with v1 signature scheme, making it vulnerable to Janus vulnerability on Android 5.0-8.0, if signed only with v1 signature scheme. Applications running on Android 5.0-7.0 signed with v1, and v2/v3 scheme is also vulnerable.",
            "section": "certificate"
        },
        {
            "title": "App can be installed on a vulnerable upatched Android version",
            "description": "Android 5.0-5.0.2, [minSdk=21]\nThis application can be installed on an older version of android that has multiple unfixed vulnerabilities. These devices won't receive reasonable security updates from Google. Support an Android version => 10, API 29 to receive reasonable security updates.",
            "section": "manifest"
        },
        {
            "title": "Clear text traffic is Enabled For App",
            "description": "[android:usesCleartextTraffic=true]\nThe app intends to use cleartext network traffic, such as cleartext HTTP, FTP stacks, DownloadManager, and MediaPlayer. The default value for apps that target API level 27 or lower is \"true\". Apps that target API level 28 or higher default to \"false\". The key reason for avoiding cleartext traffic is the lack of confidentiality, authenticity, and protections against tampering; a network attacker can eavesdrop on transmitted data and also modify it without being detected.",
            "section": "manifest"
        }
    ],
    "warning": [
        {
            "title": "Application Data can be Backed up",
            "description": "[android:allowBackup=true]\nThis flag allows anyone to backup your application data via adb. It allows users who have enabled USB debugging to copy application data off of the device.",
            "section": "manifest"
        }
    ],
    "info": [],
    "secure": [
        {
            "title": "This application has no privacy trackers",
            "description": "This application does not include any user or device trackers. Unable to find trackers during static analysis.",
            "section": "trackers"
        }
    ],
    "hotspot": [],
    "total_trackers": 432,
    "trackers": 0,
    "security_score": 34,
    "app_name": "Clicks",
    "file_name": "df994e9902f80b0c85436eeb3f2f19e1d0249c6420a602df5940c31130ce7cc9.apk",
    "hash": "73055b968f487cc50b753a8e2fcdc1f1",
    "version_name": "\\ufffe\u3100\u2e00\u3000",
    "version": "v4.0.6",
    "title": "AppSec Scorecard",
    "efr01": false
}