{
    "high": [
        {
            "title": "App can be installed on a vulnerable upatched Android version",
            "description": "Android 4.4-4.4.4, [minSdk=19]\nThis application can be installed on an older version of android that has multiple unfixed vulnerabilities. These devices won't receive reasonable security updates from Google. Support an Android version => 10, API 29 to receive reasonable security updates.",
            "section": "manifest"
        },
        {
            "title": "Activity (com.lgwudxjq.zwmuxsyh.core.UVszCAysYf) is vulnerable to StrandHogg 2.0",
            "description": "Activity is found to be vulnerable to StrandHogg 2.0 task hijacking vulnerability. When vulnerable, it is possible for other applications to place a malicious activity on top of the activity stack of the vulnerable application. This makes the application an easy target for phishing attacks. The vulnerability can be remediated by setting the launch mode attribute to \"singleInstance\" and by setting an empty taskAffinity (taskAffinity=\"\"). You can also update the target SDK version (28) of the app to 29 or higher to fix this issue at platform level.",
            "section": "manifest"
        }
    ],
    "warning": [
        {
            "title": "Application vulnerable to Janus Vulnerability",
            "description": "Application is signed with v1 signature scheme, making it vulnerable to Janus vulnerability on Android 5.0-8.0, if signed only with v1 signature scheme. Applications running on Android 5.0-7.0 signed with v1, and v2/v3 scheme is also vulnerable.",
            "section": "certificate"
        },
        {
            "title": "Activity (com.lgwudxjq.zwmuxsyh.pUdakuQrqY) is not Protected.",
            "description": "An intent-filter exists.\nAn Activity is found to be shared with other apps on the device therefore leaving it accessible to any other application on the device. The presence of intent-filter indicates that the Activity is explicitly exported.",
            "section": "manifest"
        },
        {
            "title": "Activity (com.lgwudxjq.zwmuxsyh.core.UVszCAysYf) is not Protected. ",
            "description": "[android:exported=true]\nAn Activity is found to be shared with other apps on the device therefore leaving it accessible to any other application on the device.",
            "section": "manifest"
        },
        {
            "title": "Launch Mode of activity (com.lgwudxjq.zwmuxsyh.NewAppSetting) is not standard.",
            "description": "An Activity should not be having the launch mode attribute set to \"singleTask/singleInstance\" as it becomes root Activity and it is possible for other applications to read the contents of the calling Intent. So it is required to use the \"standard\" launch mode attribute when sensitive information is included in an Intent.",
            "section": "manifest"
        },
        {
            "title": "Launch Mode of activity (com.lgwudxjq.zwmuxsyh.rWLnAFiqBF) is not standard.",
            "description": "An Activity should not be having the launch mode attribute set to \"singleTask/singleInstance\" as it becomes root Activity and it is possible for other applications to read the contents of the calling Intent. So it is required to use the \"standard\" launch mode attribute when sensitive information is included in an Intent.",
            "section": "manifest"
        },
        {
            "title": "Launch Mode of activity (com.lgwudxjq.zwmuxsyh.MnJnwZAdlX) is not standard.",
            "description": "An Activity should not be having the launch mode attribute set to \"singleTask/singleInstance\" as it becomes root Activity and it is possible for other applications to read the contents of the calling Intent. So it is required to use the \"standard\" launch mode attribute when sensitive information is included in an Intent.",
            "section": "manifest"
        },
        {
            "title": "Activity-Alias (com.lgwudxjq.zwmuxsyh.TnbxcMrwRJ) is not Protected.",
            "description": "An intent-filter exists.\nAn Activity-Alias is found to be shared with other apps on the device therefore leaving it accessible to any other application on the device. The presence of intent-filter indicates that the Activity-Alias is explicitly exported.",
            "section": "manifest"
        },
        {
            "title": "Broadcast Receiver (com.lgwudxjq.zwmuxsyh.core.UJifbMrUIo) is not Protected.",
            "description": "An intent-filter exists.\nA Broadcast Receiver is found to be shared with other apps on the device therefore leaving it accessible to any other application on the device. The presence of intent-filter indicates that the Broadcast Receiver is explicitly exported.",
            "section": "manifest"
        },
        {
            "title": "Broadcast Receiver (com.lgwudxjq.zwmuxsyh.core.ZsDbuEYcdl) is not Protected.",
            "description": "An intent-filter exists.\nA Broadcast Receiver is found to be shared with other apps on the device therefore leaving it accessible to any other application on the device. The presence of intent-filter indicates that the Broadcast Receiver is explicitly exported.",
            "section": "manifest"
        },
        {
            "title": "Broadcast Receiver (com.lgwudxjq.zwmuxsyh.core.hcPHZZFEmd) is not Protected.",
            "description": "An intent-filter exists.\nA Broadcast Receiver is found to be shared with other apps on the device therefore leaving it accessible to any other application on the device. The presence of intent-filter indicates that the Broadcast Receiver is explicitly exported.",
            "section": "manifest"
        },
        {
            "title": "Broadcast Receiver (com.lgwudxjq.zwmuxsyh.BgrQdeItTZ) is Protected by a permission, but the protection level of the permission should be checked.",
            "description": "Permission: com.google.android.c2dm.permission.SEND [android:exported=true]\nA Broadcast Receiver is found to be shared with other apps on the device therefore leaving it accessible to any other application on the device. It is protected by a permission which is not defined in the analysed application. As a result, the protection level of the permission should be checked where it is defined. If it is set to normal or dangerous, a malicious application can request and obtain the permission and interact with the component. If it is set to signature, only applications signed with the same certificate can obtain the permission.",
            "section": "manifest"
        },
        {
            "title": "Service (com.google.firebase.iid.FirebaseInstanceIdService) is not Protected. ",
            "description": "[android:exported=true]\nA Service is found to be shared with other apps on the device therefore leaving it accessible to any other application on the device.",
            "section": "manifest"
        },
        {
            "title": "Broadcast Receiver (com.google.firebase.iid.FirebaseInstanceIdReceiver) is Protected by a permission, but the protection level of the permission should be checked.",
            "description": "Permission: com.google.android.c2dm.permission.SEND [android:exported=true]\nA Broadcast Receiver is found to be shared with other apps on the device therefore leaving it accessible to any other application on the device. It is protected by a permission which is not defined in the analysed application. As a result, the protection level of the permission should be checked where it is defined. If it is set to normal or dangerous, a malicious application can request and obtain the permission and interact with the component. If it is set to signature, only applications signed with the same certificate can obtain the permission.",
            "section": "manifest"
        },
        {
            "title": "Broadcast Receiver (com.lgwudxjq.zwmuxsyh.core.hIMNIfpLxP) is Protected by a permission, but the protection level of the permission should be checked.",
            "description": "Permission: android.permission.BIND_DEVICE_ADMIN [android:exported=true]\nA Broadcast Receiver is found to be shared with other apps on the device therefore leaving it accessible to any other application on the device. It is protected by a permission which is not defined in the analysed application. As a result, the protection level of the permission should be checked where it is defined. If it is set to normal or dangerous, a malicious application can request and obtain the permission and interact with the component. If it is set to signature, only applications signed with the same certificate can obtain the permission.",
            "section": "manifest"
        },
        {
            "title": "Service (com.lgwudxjq.zwmuxsyh.core.listener.NHCsTruZaT) is Protected by a permission, but the protection level of the permission should be checked.",
            "description": "Permission: android.permission.BIND_ACCESSIBILITY_SERVICE [android:exported=true]\nA Service is found to be shared with other apps on the device therefore leaving it accessible to any other application on the device. It is protected by a permission which is not defined in the analysed application. As a result, the protection level of the permission should be checked where it is defined. If it is set to normal or dangerous, a malicious application can request and obtain the permission and interact with the component. If it is set to signature, only applications signed with the same certificate can obtain the permission.",
            "section": "manifest"
        },
        {
            "title": "Service (com.lgwudxjq.zwmuxsyh.core.listener.QBnICmZfUN) is Protected by a permission, but the protection level of the permission should be checked.",
            "description": "Permission: android.permission.BIND_NOTIFICATION_LISTENER_SERVICE [android:exported=true]\nA Service is found to be shared with other apps on the device therefore leaving it accessible to any other application on the device. It is protected by a permission which is not defined in the analysed application. As a result, the protection level of the permission should be checked where it is defined. If it is set to normal or dangerous, a malicious application can request and obtain the permission and interact with the component. If it is set to signature, only applications signed with the same certificate can obtain the permission.",
            "section": "manifest"
        },
        {
            "title": "Service (com.google.firebase.messaging.FirebaseMessagingService) is not Protected. ",
            "description": "[android:exported=true]\nA Service is found to be shared with other apps on the device therefore leaving it accessible to any other application on the device.",
            "section": "manifest"
        },
        {
            "title": "High Intent Priority (1000)",
            "description": "[android:priority]\nBy setting an intent priority higher than another intent, the app effectively overrides other requests.",
            "section": "manifest"
        },
        {
            "title": "High Intent Priority (1000)",
            "description": "[android:priority]\nBy setting an intent priority higher than another intent, the app effectively overrides other requests.",
            "section": "manifest"
        },
        {
            "title": "High Intent Priority (2147483647)",
            "description": "[android:priority]\nBy setting an intent priority higher than another intent, the app effectively overrides other requests.",
            "section": "manifest"
        },
        {
            "title": "App can read/write to External Storage. Any App can read data written to External Storage.",
            "description": "App can read/write to External Storage. Any App can read data written to External Storage.\nhttps://github.com/MobSF/owasp-mstg/blob/master/Document/0x05d-Testing-Data-Storage.md#external-storage",
            "section": "code"
        },
        {
            "title": "This app may contain hardcoded secrets",
            "description": "The following secrets were identified from the app. Ensure that these are not secrets or private information.\n\"library_android_database_sqlcipher_authorWebsite\" : \"https://www.zetetic.net/sqlcipher/\"\nc7bdf24df36c34d3f38547c084675fa6\n9a88f3f80fa3930a8acb506b8ba7ca77",
            "section": "secrets"
        }
    ],
    "info": [
        {
            "title": "App can write to App Directory. Sensitive Information should be encrypted.",
            "description": "App can write to App Directory. Sensitive Information should be encrypted.\n",
            "section": "code"
        },
        {
            "title": "The App logs information. Sensitive information should never be logged.",
            "description": "The App logs information. Sensitive information should never be logged.\nhttps://github.com/MobSF/owasp-mstg/blob/master/Document/0x05d-Testing-Data-Storage.md#logs",
            "section": "code"
        }
    ],
    "secure": [
        {
            "title": "This App may have root detection capabilities.",
            "description": "This App may have root detection capabilities.\nhttps://github.com/MobSF/owasp-mstg/blob/master/Document/0x05j-Testing-Resiliency-Against-Reverse-Engineering.md#testing-root-detection-mstg-resilience-1",
            "section": "code"
        },
        {
            "title": "This application has no privacy trackers",
            "description": "This application does not include any user or device trackers. Unable to find trackers during static analysis.",
            "section": "trackers"
        }
    ],
    "hotspot": [
        {
            "title": "Found 17 critical permission(s)",
            "description": "Ensure that these permissions are required by the application.\n\nandroid.permission.READ_CONTACTS (dangerous): read contact data - Allows an application to read all of the contact (address) data stored on your phone. Malicious applications can use this to send your data to other people.\n\nandroid.permission.READ_SMS (dangerous): read SMS or MMS - Allows application to read SMS messages stored on your phone or SIM card. Malicious applications may read your confidential messages.\n\nandroid.permission.CALL_PHONE (dangerous): directly call phone numbers - Allows the application to call phone numbers without your intervention. Malicious applications may cause unexpected calls on your phone bill. Note that this does not allow the application to call emergency numbers.\n\nandroid.permission.READ_PHONE_STATE (dangerous): read phone state and identity - Allows the application to access the phone features of the device. An application with this permission can determine the phone number and serial number of this phone, whether a call is active, the number that call is connected to and so on.\n\nandroid.permission.ANSWER_PHONE_CALLS (dangerous): permits an app to answer incoming phone calls. - Allows the app to answer an incoming phone call.\n\nandroid.permission.PROCESS_OUTGOING_CALLS (dangerous): intercept outgoing calls - Allows application to process outgoing calls and change the number to be dialled. Malicious applications may monitor, redirect or prevent outgoing calls.\n\nandroid.permission.READ_LOGS (dangerous): read sensitive log data - Allows an application to read from the system's various log files. This allows it to discover general information about what you are doing with the phone, potentially including personal or private information.\n\nandroid.permission.READ_CALL_LOG (dangerous): grants read access to the user's call log. - Allows an application to read the user's call log.\n\nandroid.permission.WRITE_EXTERNAL_STORAGE (dangerous): read/modify/delete external storage contents - Allows an application to write to external storage.\n\nandroid.permission.ACCESS_COARSE_LOCATION (dangerous): coarse (network-based) location - Access coarse location sources, such as the mobile network database, to determine an approximate phone location, where available. Malicious applications can use this to determine approximately where you are.\n\nandroid.permission.ACCESS_FINE_LOCATION (dangerous): fine (GPS) location - Access fine location sources, such as the Global Positioning System on the phone, where available. Malicious applications can use this to determine where you are and may consume additional battery power.\n\nandroid.permission.READ_CALENDAR (dangerous): read calendar events - Allows an application to read all of the calendar events stored on your phone. Malicious applications can use this to send your calendar events to other people.\n\nandroid.permission.RECORD_AUDIO (dangerous): record audio - Allows application to access the audio record path.\n\nandroid.permission.CAMERA (dangerous): take pictures and videos - Allows application to take pictures and videos with the camera. This allows the application to collect images that the camera is seeing at any time.\n\nandroid.permission.GET_TASKS (dangerous): retrieve running applications - Allows application to retrieve information about currently and recently running tasks. May allow malicious applications to discover private information about other applications.\n\nandroid.permission.SYSTEM_ALERT_WINDOW (dangerous): display system-level alerts - Allows an application to show system-alert windows. Malicious applications can take over the entire screen of the phone.\n\nandroid.permission.WRITE_SETTINGS (dangerous): modify global system settings - Allows an application to modify the system's settings data. Malicious applications can corrupt your system's configuration.",
            "section": "permissions"
        }
    ],
    "total_trackers": 432,
    "trackers": 0,
    "security_score": 51,
    "app_name": "WiFi Service",
    "file_name": "9d4d97e76cfec28e6540e5b9b71a5281c292200216af2dd8e50d25a14dff1367.apk",
    "hash": "4567ec33b534d7dba5c453216fe1e2bb",
    "version_name": "1.0",
    "version": "v4.0.6",
    "title": "AppSec Scorecard",
    "efr01": false
}